Country,Club,Mode_First_Name,Mode_Last_Name,Mode_Name
England,[](#sprite1-p3) Liverpool,John,Jones,John Jones
England,[](#sprite1-p10) Manchester City,David,Smith,David Smith
England,[](#sprite1-p87) Leicester City,John,Smith,John Smith
England,[](#sprite1-p67) Crystal Palace,John,"Smith, Taylor",John Smith-Taylor
England,[](#sprite1-p1) Arsenal,John,Jones,John Jones
England,[](#sprite1-p15) Everton,John,Jones,John Jones
England,[](#sprite1-p21) West Ham United,George,X,George X
England,[](#sprite1-p2) Manchester United,John,"Jones, Williams",John Jones-Williams
England,[](#sprite1-p5) Tottenham Hotspur,John,Smith,John Smith
England,[](#sprite1-p159) Sheffield United,John,Smith,John Smith
England,[](#sprite1-p4) Chelsea,John,Smith,John Smith
England,[](#sprite1-p156) Burnley,John,Smith,John Smith
England,[](#sprite1-p38) Southampton,George,Brown,George Brown
England,[](#sprite1-p11) Newcastle United,John,Smith,John Smith
England,[](#sprite1-p218) Bournemouth,John,Smith,John Smith
England,[](#sprite1-p103) Brighton & Hove Albion,Jack,Smith,Jack Smith
England,[](#sprite1-p70) Wolverhampton Wanderers,George,Jones,George Jones
England,[](#sprite1-p19) Aston Villa,John,"Evans, Williams",John Evans-Williams
England,[](#sprite1-p44) Norwich City,John,Smith,John Smith
England,[](#sprite1-p112) Watford,Jimmy,Smith,Jimmy Smith
England,[](#sprite1-p212) Barnsley,John,Smith,John Smith
England,[](#sprite1-p102) Birmingham City,Jack,Smith,Jack Smith
England,[](#sprite1-p83) Blackburn Rovers,John,"Jones, Taylor",John Jones-Taylor
England,[](#sprite1-p198) Brentford,John,Smith,John Smith
England,[](#sprite1-p158) Bristol City,John,Williams,John Williams
England,[](#sprite1-p80) Cardiff City,John,Jones,John Jones
England,[](#sprite1-p147) Charlton Athletic,John,Smith,John Smith
England,[](#sprite1-p116) Derby County,John,Smith,John Smith
England,[](#sprite1-p29) Fulham,John,Brown,John Brown
England,[](#sprite1-p199) Huddersfield Town,Paul,Smith,Paul Smith
England,[](#sprite1-p117) Hull City,George,Smith,George Smith
England,[](#sprite1-p27) Leeds United,"David, John",Smith,David-John Smith
England,[](#sprite1-p206) Luton Town,John,Brown,John Brown
England,[](#sprite1-p91) Middlesbrough,John,Smith,John Smith
England,[](#sprite1-p185) Millwall,John,Smith,John Smith
England,[](#sprite1-p66) Nottingham Forest,John,"Brown, Jones, Smith",John Brown-Jones-Smith
England,[](#sprite1-p179) Preston North End,John,"Brown, Smith",John Brown-Smith
England,[](#sprite1-p57) Queens Park Rangers,John,Smith,John Smith
England,[](#sprite1-p73) Reading,John,Smith,John Smith
England,[](#sprite1-p92) Sheffield Wednesday,John,Jones,John Jones
England,[](#sprite1-p81) Stoke City,John,Smith,John Smith
England,[](#sprite1-p39) Swansea City,John,Jones,John Jones
England,[](#sprite1-p78) West Bromwich Albion,George,Jones,George Jones
England,[](#sprite1-p105) Wigan Athletic,John,"Roberts, Taylor",John Roberts-Taylor
England,[](#sprite1-p118) Ipswich Town,David,Brown,David Brown
England,[](#sprite1-p331) Lincoln City,John,Smith,John Smith
England,[](#sprite1-p146) Blackpool,John,Jones,John Jones
England,[](#sprite1-p136) Coventry City,John,Smith,John Smith
England,[](#sprite1-p336) Wycombe Wanderers,Paul,Thompson,Paul Thompson
England,[](#sprite1-p46) Sunderland,John,Smith,John Smith
England,[](#sprite1-p269) Peterborough United,David,Smith,David Smith
England,[](#sprite1-p459) Burton Albion,Lee,Taylor,Lee Taylor
England,[](#sprite2-p364) Fleetwood Town,X,X,X X
England,[](#sprite1-p468) Rochdale,John,Jones,John Jones
England,[](#sprite1-p252) Doncaster Rovers,John,Jones,John Jones
England,[](#sprite1-p368) Shrewsbury Town,John,Jones,John Jones
England,[](#sprite1-p404) Rotherham United,John,Wilson,John Wilson
England,[](#sprite1-p211) Bristol Rovers,Jack,"Jones, Williams",Jack Jones-Williams
England,[](#sprite1-p332) Milton Keynes Dons,David,"Smith, Williams",David Smith-Williams
England,[](#sprite1-p268) Gillingham,George,Smith,George Smith
England,[](#sprite1-p85) Portsmouth,John,Smith,John Smith
England,[](#sprite1-p191) Oxford United,John,Smith,John Smith
England,[](#sprite1-p246) Tranmere Rovers,John,Jones,John Jones
England,[](#sprite1-p442) Accrington Stanley,Paul,X,Paul X
England,[](#sprite1-p145) Wimbledon,Mark,"Smith, Sweeney",Mark Smith-Sweeney
England,[](#sprite1-p333) Southend United,John,Jones,John Jones
England,[](#sprite1-p104) Bolton Wanderers,John,Taylor,John Taylor
England,[](#sprite1-p466) Bury,John,Smith,John Smith
England,[](#sprite1-p267) Exeter City,John,X,John X
England,[](#sprite2-p66) Newport County,John,Jones,John Jones
England,[](#sprite1-p236) Crewe Alexandra,John,Jones,John Jones
England,[](#sprite1-p233) Grimsby Town,John,Jones,John Jones
England,[](#sprite1-p131) Swindon Town,"Paul, John",Smith,Paul-John Smith
England,[](#sprite1-p170) Plymouth Argyle,John,Smith,John Smith
England,[](#sprite1-p469) Macclesfield Town,John,Smith,John Smith
England,[](#sprite2-p38) Crawley Town,"John, Josh, Scott",Smith,John-Josh-Scott Smith
England,[](#sprite2-p179) Forest Green Rovers,Steve,Williams,Steve Williams
England,[](#sprite1-p307) Port Vale,John,Smith,John Smith
England,[](#sprite1-p266) Cheltenham Town,Chris,Jones,Chris Jones
England,[](#sprite1-p155) Bradford City,John,Smith,John Smith
England,[](#sprite1-p354) Colchester United,John,Smith,John Smith
England,[](#sprite1-p312) Cambridge United,"David, John",Smith,David-John Smith
England,[](#sprite1-p219) Leyton Orient,John,Smith,John Smith
England,[](#sprite7-p66) Salford City,Danny,"Green, Norris, Redshaw",Danny Green-Norris-Redshaw
England,[](#sprite1-p346) Northampton Town,John,Smith,John Smith
England,[](#sprite1-p305) Carlisle United,John,Smith,John Smith
England,[](#sprite2-p248) Mansfield Town,John,Smith,John Smith
England,[](#sprite1-p355) Morecambe,Andy,"Smith, Taylor",Andy Smith-Taylor
England,[](#sprite1-p370) Walsall,John,Smith,John Smith
England,[](#sprite1-p255) Oldham Athletic,David,Taylor,David Taylor
England,[](#sprite1-p334) Stevenage,"Mark, Steve",Smith,Mark-Steve Smith
England,[](#sprite1-p278) Scunthorpe United,"John, Andy","Jones, Taylor",John-Andy Jones-Taylor
Spain,[](#sprite1-p76) Atlético Madrid,José,"López, Diaz, Rodríguez",José López-Diaz-Rodríguez
Spain,[](#sprite1-p171) Athletic Bilbao,José,García,José García
Spain,[](#sprite1-p229) Sevilla,José,"Silva, López",José Silva-López
Spain,[](#sprite2-p105) Levante UD,José,Rodríguez,José Rodríguez
Spain,[](#sprite1-p9) Real Madrid,José,Fernández,José Fernández
Spain,[](#sprite2-p87) CA Osasuna,"Javier, José",García,Javier-José García
Spain,[](#sprite5-p12) Deportivo Alavés,Sergio,García,Sergio García
Spain,[](#sprite1-p6) FC Barcelona,José,García,José García
Spain,[](#sprite2-p63) Granada,Antonio,Pérez,Antonio Pérez
Spain,[](#sprite1-p107) Valencia,José,Navarro,José Navarro
Spain,[](#sprite2-p377) Real Valladolid,José,"Fernández, García",José Fernández-García
Spain,[](#sprite1-p408) Celta de Vigo,José,Fernández,José Fernández
Spain,[](#sprite1-p237) Real Sociedad,José,Alonso,José Alonso
Spain,[](#sprite2-p264) RCD Mallorca,Juan,López,Juan López
Spain,[](#sprite1-p296) Real Betis,José,"Fernández, Rodríguez, García",José Fernández-Rodríguez-García
Spain,[](#sprite1-p270) Villarreal,Javier,González,Javier González
Spain,[](#sprite2-p180) Getafe,David,Diaz,David Diaz
Spain,[](#sprite1-p500) Eibar,José,García,José García
Spain,[](#sprite2-p22) RCD Espanyol,José,López,José López
Spain,[](#sprite5-p28) Leganés,Carlos,García,Carlos García
Spain,[](#sprite2-p386) Albacete Balompié,José,García,José García
Spain,[](#sprite5-p70) Alcorcón,"Carlos, David",Fernández,Carlos-David Fernández
Spain,[](#sprite2-p376) Almería,José,"Fernández, García",José Fernández-García
Spain,[](#sprite2-p135) Cádiz,José,García,José García
Spain,[](#sprite1-p256) Deportivo de La Coruña,José,Fernández,José Fernández
Spain,[](#sprite4-p170) Elche,José,Martínez,José Martínez
Spain,[](#sprite8-p465) Extremadura UD,"David, Diego, José","Fernández, García",David-Diego-José Fernández-García
Spain,Fuenlabrada,X,Fernández,X Fernández
Spain,[](#sprite4-p254) Girona,"Marc, David",García,Marc-David García
Spain,[](#sprite4-p5) Huesca,Ruben,"Fernández, González",Ruben Fernández-González
Spain,[](#sprite2-p153) Las Palmas,Juan,González,Juan González
Spain,[](#sprite4-p464) Lugo,José,"Diaz, Rodríguez",José Diaz-Rodríguez
Spain,[](#sprite1-p292) Málaga,"Diego, José","González, López",Diego-José González-López
Spain,[](#sprite5-p67) Mirandés,"Alex, Sergio","García, González",Alex-Sergio García-González
Spain,[](#sprite5-p66) Numancia,José,"Pérez, López",José Pérez-López
Spain,[](#sprite1-p369) Real Oviedo,José,García,José García
Spain,[](#sprite5-p65) Ponferradina,David,García,David García
Spain,[](#sprite2-p88) Racing de Santander,José,García,José García
Spain,[](#sprite2-p9) Rayo Vallecano,José,García,José García
Spain,[](#sprite1-p463) Sporting de Gijón,José,García,José García
Spain,[](#sprite2-p23) Tenerife,José,García,José García
Spain,[](#sprite1-p493) Real Zaragoza,José,Martínez,José Martínez
France,[](#sprite4-p31) Amiens SC,Fabrice,Traoré,Fabrice Traoré
France,[](#sprite4-p32) Angers SCO,Stephane,Traoré,Stephane Traoré
France,[](#sprite1-p271) FC Girondins de Bordeaux,Andre,Santos,Andre Santos
France,[](#sprite2-p459) Dijon,"Florent, Frederic, Benjamin",Martin,Florent-Frederic-Benjamin Martin
France,[](#sprite1-p320) Lille OSC,"Jean, Philippe",X,Jean-Philippe X
France,[](#sprite1-p106) Olympique Lyonnais,Eric,"Kone, Mendes",Eric Kone-Mendes
France,[](#sprite1-p119) Olympique de Marseille,Laurent,"Pérez, Camara, NDiaye",Laurent Pérez-Camara-NDiaye
France,[](#sprite1-p429) FC Metz,Philippe,"NDiaye, Traoré",Philippe NDiaye-Traoré
France,[](#sprite1-p186) AS Monaco,"Eric, Sebastien, Nicolas",Traoré,Eric-Sebastien-Nicolas Traoré
France,[](#sprite1-p337) Montpellier HSC,Nicolas,Passi,Nicolas Passi
France,[](#sprite1-p363) FC Nantes,Nicolas,Touré,Nicolas Touré
France,[](#sprite2-p71) OGC Nice,Anthony,Traoré,Anthony Traoré
France,[](#sprite5-p347) Nîmes Olympique,X,X,X X
France,[](#sprite1-p35) Paris Saint-Germain,Stephane,Traoré,Stephane Traoré
France,[](#sprite2-p389) Stade de Reims,Thomas,"Fontaine, Sinibaldi",Thomas Fontaine-Sinibaldi
France,[](#sprite2-p13) Stade Rennais,"Olivier, Stephane","Diallo, Diarra, Traoré",Olivier-Stephane Diallo-Diarra-Traoré
France,[](#sprite1-p321) AS Saint-Étienne,Laurent,Camara,Laurent Camara
France,[](#sprite4-p155) Strasbourg,"Stephane, David",Santos,Stephane-David Santos
France,[](#sprite2-p108) Toulouse,"Christophe, Mathieu",X,Christophe-Mathieu X
France,[](#sprite2-p197) Le Havre AC,Sebastien,"Ba, Traoré",Sebastien Ba-Traoré
France,[](#sprite2-p107) FC Lorient,Benjamin,X,Benjamin X
France,[](#sprite4-p106) Valenciennes,David,X,David X
France,FC Chambly,X,X,X X
France,[](#sprite2-p294) Clermont Foot,"Cedric, Romain","Armand, Mendy, Moulin",Cedric-Romain Armand-Mendy-Moulin
France,[](#sprite5-p346) Chamois Niortais,David,X,David X
France,[](#sprite4-p110) Troyes AC,David,Camara,David Camara
France,[](#sprite4-p30) AC Ajaccio,"Cedric, Anthony","Diabaté, NDiaye",Cedric-Anthony Diabaté-NDiaye
France,Rodez AF,David,Sané,David Sané
France,[](#sprite2-p198) FC Sochaux-Montbéliard,Franck,Laurent,Franck Laurent
France,[](#sprite2-p265) AJ Auxerre,"Stephane, Frederic",Traoré,Stephane-Frederic Traoré
France,[](#sprite2-p181) Lens,Guillaume,Camara,Guillaume Camara
France,[](#sprite2-p296) En Avant de Guingamp,Christophe,Camara,Christophe Camara
France,[](#sprite2-p211) AS Nancy,Olivier,X,Olivier X
France,[](#sprite2-p89) Stade Malherbe Caen,X,NDiaye,X NDiaye
France,[](#sprite2-p380) Grenoble Foot 38,"Laurent, Florian","Coulibaly, NDiaye",Laurent-Florian Coulibaly-NDiaye
France,[](#sprite2-p293) Le Mans,Cedric,Camara,Cedric Camara
France,[](#sprite8-p194) US Orléans,X,"Cissokho, Seidou",X Cissokho-Seidou
France,[](#sprite4-p107) LB Châteauroux,Kevin,Traoré,Kevin Traoré
France,[](#sprite1-p464) Paris,Vincent,"Keita, Touré",Vincent Keita-Touré
Germany,[](#sprite5-p14) RB Leipzig,X,Müller,X Müller
Germany,[](#sprite1-p8) FC Bayern Munich,"Hans, Thomas",Müller,Hans-Thomas Müller
Germany,[](#sprite1-p427) VfL Wolfsburg,Thomas,Madsen,Thomas Madsen
Germany,[](#sprite1-p132) Bayer 04 Leverkusen,Markus,X,Markus X
Germany,[](#sprite1-p12) Borussia Dortmund,Thomas,"Schmidt, Schneider",Thomas Schmidt-Schneider
Germany,[](#sprite1-p154) SC Freiburg,Michael,X,Michael X
Germany,[](#sprite1-p86) Eintracht Frankfurt,Thomas,"Lindner, Schmitt",Thomas Lindner-Schmitt
Germany,[](#sprite1-p134) Borussia Mönchengladbach,Michael,Schulz,Michael Schulz
Germany,[](#sprite1-p353) TSG 1899 Hoffenheim,"Kevin, Andreas",Haas,Kevin-Andreas Haas
Germany,[](#sprite1-p79) FC Schalke 04,Michael,X,Michael X
Germany,[](#sprite3-p23) 1 FC Union Berlin,Daniel,X,Daniel X
Germany,[](#sprite1-p203) Fortuna Düsseldorf,"Thomas, Christian, Michael",X,Thomas-Christian-Michael X
Germany,[](#sprite1-p64) SV Werder Bremen,Frank,Schmidt,Frank Schmidt
Germany,[](#sprite1-p125) 1 FC Köln,X,"Müller, Rahn, Schmitz",X Müller-Rahn-Schmitz
Germany,[](#sprite2-p231) SC Paderborn 07,Sebastian,Brinkmann,Sebastian Brinkmann
Germany,[](#sprite1-p291) FC Augsburg,Michael,Müller,Michael Müller
Germany,[](#sprite1-p121) Hertha BSC,Christian,Müller,Christian Müller
Germany,[](#sprite1-p205) 1 FSV Mainz 05,Christian,Müller,Christian Müller
Germany,[](#sprite1-p74) Hamburger SV,Michael,Dorfel,Michael Dorfel
Germany,[](#sprite1-p68) VfB Stuttgart,Michael,"Forster, Müller",Michael Forster-Müller
Germany,[](#sprite4-p284) SV Sandhausen,Daniel,Müller,Daniel Müller
Germany,[](#sprite4-p239) VfL Osnabrück,Daniel,X,Daniel X
Germany,[](#sprite1-p290) Arminia Bielefeld,Christian,"Brinkmann, Müller",Christian Brinkmann-Müller
Germany,[](#sprite2-p43) SpVgg Greuther Fürth,"Daniel, Sebastian, Stefan","Müller, Schmidt",Daniel-Sebastian-Stefan Müller-Schmidt
Germany,[](#sprite2-p434) FC Erzgebirge Aue,Sven,Müller,Sven Müller
Germany,[](#sprite4-p315) SSV Jahn Regensburg,X,"Müller, Schmid",X Müller-Schmid
Germany,[](#sprite1-p176) 1 FC Nürnberg,"Thomas, Hans",Müller,Thomas-Hans Müller
Germany,[](#sprite1-p260) Karlsruher SC,Michael,"da Silva, Müller",Michael da Silva-Müller
Germany,[](#sprite4-p283) 1 FC Heidenheim,"Robert, Michael, Andreas",Schmidt,Robert-Michael-Andreas Schmidt
Germany,[](#sprite1-p177) Hannover 96,"Stefan, Michael",Müller,Stefan-Michael Müller
Germany,[](#sprite1-p114) FC St Pauli,"Michael, Daniel, Christian",Müller,Michael-Daniel-Christian Müller
Germany,[](#sprite1-p398) Dynamo Dresden,Thomas,Müller,Thomas Müller
Germany,[](#sprite2-p352) Holstein Kiel,Patrick,X,Patrick X
Germany,[](#sprite1-p489) SV Darmstadt 98,"Benjamin, Sebastian","Hubner, Lense, Wagner",Benjamin-Sebastian Hubner-Lense-Wagner
Germany,[](#sprite1-p317) VfL Bochum,Michael,Kramer,Michael Kramer
Germany,[](#sprite2-p375) SV Wehen Wiesbaden,Patrick,"Hubner, Müller",Patrick Hubner-Müller
Italy,[](#sprite2-p182) Atalanta BC,"Andrea, Giuseppe",X,Andrea-Giuseppe X
Italy,[](#sprite2-p129) Bologna FC 1909,Andrea,Ferrari,Andrea Ferrari
Italy,[](#sprite2-p430) Brescia,"Andrea, Luca","Ferrari, Romano",Andrea-Luca Ferrari-Romano
Italy,[](#sprite2-p183) Cagliari,Marco,X,Marco X
Italy,[](#sprite1-p149) ACF Fiorentina,"Giuseppe, Marco","Manfredini, Orlando, Rizzo",Giuseppe-Marco Manfredini-Orlando-Rizzo
Italy,[](#sprite2-p130) Genoa,Francesco,X,Francesco X
Italy,[](#sprite2-p90) Hellas Verona,Marco,Ferrari,Marco Ferrari
Italy,[](#sprite1-p25) Inter Milan,Giuseppe,"Colombo, Sala",Giuseppe Colombo-Sala
Italy,[](#sprite1-p17) Juventus,Giuseppe,Rossi,Giuseppe Rossi
Italy,[](#sprite1-p189) SS Lazio,Roberto,X,Roberto X
Italy,[](#sprite2-p185) US Lecce,Giuseppe,"Di Chiara, Petrachi",Giuseppe Di Chiara-Petrachi
Italy,[](#sprite1-p13) AC Milan,Marco,X,Marco X
Italy,[](#sprite1-p75) SSC Napoli,Roberto,"Esposito, Ferrara, Fontana",Roberto Esposito-Ferrara-Fontana
Italy,[](#sprite1-p430) Parma Calcio 1913,"Marco, Alessandro",Ferrari,Marco-Alessandro Ferrari
Italy,[](#sprite1-p36) AS Roma,"Marco, Paolo","Conti, Ferrari",Marco-Paolo Conti-Ferrari
Italy,[](#sprite2-p186) Sampdoria,Andrea,Ferrari,Andrea Ferrari
Italy,[](#sprite7-p312) SPAL,Marco,Vecchi,Marco Vecchi
Italy,[](#sprite1-p486) Torino,"Alessandro, Giuseppe","Benedetti, López, Romano",Alessandro-Giuseppe Benedetti-López-Romano
Italy,[](#sprite1-p310) Udinese,"Antonio, Marco",Santos,Antonio-Marco Santos
Italy,[](#sprite4-p414) Ascoli Calcio 1898,Andrea,Moro,Andrea Moro
Italy,[](#sprite4-p424) Benevento,X,"Bianco, Dei",X Bianco-Dei
Italy,[](#sprite2-p4) AC ChievoVerona,Marco,Esposito,Marco Esposito
Italy,[](#sprite8-p248) AS Cittadella,Andrea,"Benedetti, Rigoni",Andrea Benedetti-Rigoni
Italy,[](#sprite4-p333) Cosenza,Andrea,Raimondi,Andrea Raimondi
Italy,[](#sprite8-p459) US Cremonese,Francesco,"Arcari, Favalli",Francesco Arcari-Favalli
Italy,[](#sprite5-p337) FC Crotone,Giuseppe,Ferrari,Giuseppe Ferrari
Italy,[](#sprite4-p341) Empoli,Marco,X,Marco X
Italy,[](#sprite5-p86) Frosinone,Andrea,X,Andrea X
Italy,[](#sprite8-p151) SS Juve Stabia,Antonio,Esposito,Antonio Esposito
Italy,[](#sprite2-p266) AS Livorno,Andrea,X,Andrea X
Italy,[](#sprite4-p197) AC Perugia,Marco,"Lombardo, Rossi",Marco Lombardo-Rossi
Italy,[](#sprite2-p241) Delfino Pescara 1936,Andrea,X,Andrea X
Italy,[](#sprite7-p242) AC Pisa 1909,Alessandro,X,Alessandro X
Italy,[](#sprite8-p395) Pordenone,Luca,X,Luca X
Italy,[](#sprite5-p343) US Salernitana 1919,Francesco,Rossi,Francesco Rossi
Italy,[](#sprite5-p4) Spezia,Nicola,X,Nicola X
Italy,[](#sprite5-p336) Trapani,Andrea,Mancosu,Andrea Mancosu
Italy,[](#sprite2-p404) Venezia,Andrea,"Raimondi, Rossi",Andrea Raimondi-Rossi
Italy,[](#sprite5-p338) Virtus Entella,Simone,X,Simone X
Portugal,Belenenses SAD,"Goncalo, Andre","Santos, Dias",Goncalo-Andre Santos-Dias
Portugal,[](#sprite1-p26) SL Benfica,José,"Pereira, Silva",José Pereira-Silva
Portugal,[](#sprite2-p160) Boavista,"Pedro, João",Santos,Pedro-João Santos
Portugal,[](#sprite1-p342) SC Braga,João,"Silva, Santos",João Silva-Santos
Portugal,Aves,Ricardo,"Silva, Santos, Martins",Ricardo Silva-Santos-Martins
Portugal,[](#sprite8-p345) FC Famalicão,João,Lopes,João Lopes
Portugal,[](#sprite4-p490) Gil Vicente,Pedro,"Fernandes, Santos",Pedro Fernandes-Santos
Portugal,[](#sprite2-p245) CS Marítimo,"Fernando, Ricardo, João",da Silva,Fernando-Ricardo-João da Silva
Portugal,[](#sprite3-p13) Moreirense,João,Fernandes,João Fernandes
Portugal,[](#sprite4-p277) FC Paços de Ferreira,"Filipe, João",da Silva,Filipe-João da Silva
Portugal,[](#sprite8-p469) Portimonense SC,João,Santos,João Santos
Portugal,[](#sprite1-p37) FC Porto,"Carlos, Antonio",Pereira,Carlos-Antonio Pereira
Portugal,[](#sprite2-p496) Rio Ave,"Pedro, Bruno",Santos,Pedro-Bruno Santos
Portugal,[](#sprite4-p91) Santa Clara,Paulo,Silva,Paulo Silva
Portugal,[](#sprite1-p52) Sporting CP,X,Tavares,X Tavares
Portugal,[](#sprite5-p15) Tondela,Ricardo,"Costa, Silva",Ricardo Costa-Silva
Portugal,[](#sprite2-p477) Vitória SC,João,Silva,João Silva
Portugal,[](#sprite2-p99) Vitória,João,Santos,João Santos
Russia,[](#sprite4-p113) FC Krasnodar,"Aleksandr, Andrei",Yermakov,Aleksandr-Andrei Yermakov
Russia,[](#sprite1-p247) FC Spartak Moscow,Aleksandr,Ivanov,Aleksandr Ivanov
Russia,[](#sprite2-p192) FC Rostov,Aleksandr,Ivanov,Aleksandr Ivanov
Russia,[](#sprite2-p72) FC Lokomotiv Moscow,Aleksandr,Kuznetsov,Aleksandr Kuznetsov
Russia,[](#sprite3-p11) FC Zenit Saint Petersburg,Sergei,Ivanov,Sergei Ivanov
Russia,[](#sprite1-p220) PFC CSKA Moscow,Sergei,"Ivanov, Kuznetsov",Sergei Ivanov-Kuznetsov
Russia,[](#sprite4-p214) FC Arsenal Tula,Aleksandr,Kuznetsov,Aleksandr Kuznetsov
Russia,[](#sprite4-p269) FC Ural Yekaterinburg,Aleksandr,Morozov,Aleksandr Morozov
Russia,[](#sprite2-p272) FC Rubin Kazan,Aleksandr,"Akhmetzyanov, Konovalov, Vasilyev",Aleksandr Akhmetzyanov-Konovalov-Vasilyev
Russia,[](#sprite5-p112) FC Ufa,Aleksandr,Vasilyev,Aleksandr Vasilyev
Russia,[](#sprite2-p134) FC Dynamo Moscow,Aleksandr,X,Aleksandr X
Russia,[](#sprite2-p391) FC Akhmat Grozny,Aleksandr,Dzhabrailov,Aleksandr Dzhabrailov
Russia,[](#sprite4-p114) FC Krylia Sovetov Samara,Aleksandr,Ivanov,Aleksandr Ivanov
Russia,[](#sprite8-p182) FC Tambov,"Aleksandr, Sergei",Arkhipov,Aleksandr-Sergei Arkhipov
Russia,PFC Sochi,"Nikita, Andrei",Zabolotny,Nikita-Andrei Zabolotny
Russia,[](#sprite8-p200) FC Orenburg,Sergei,"Klimov, Kozlov",Sergei Klimov-Kozlov
Netherlands,[](#sprite1-p339) Vitesse,Peter,Hofs,Peter Hofs
Netherlands,[](#sprite1-p22) Ajax,"Wim, Jan",Keizer,Wim-Jan Keizer
Netherlands,[](#sprite7-p238) PSV Eindhoven,Jan,de Jong,Jan de Jong
Netherlands,[](#sprite1-p162) FC Twente,"Theo, Jan, Michael",John,Theo-Jan-Michael John
Netherlands,[](#sprite2-p5) Sparta Rotterdam,Jan,"Santos, Duarte, de Nooijer",Jan Santos-Duarte-de Nooijer
Netherlands,[](#sprite3-p2) AZ Alkmaar,X,X,X X
Netherlands,[](#sprite1-p240) FC Utrecht,"Erik, Jan, John",de Jong,Erik-Jan-John de Jong
Netherlands,[](#sprite1-p65) Feyenoord,"Jan, Henk, John",X,Jan-Henk-John X
Netherlands,[](#sprite1-p311) SC Heerenveen,"Michel, Martin, Daniel",de Jong,Michel-Martin-Daniel de Jong
Netherlands,[](#sprite1-p373) ADO Den Haag,"Danny, John, Harry",X,Danny-John-Harry X
Netherlands,[](#sprite2-p139) VVV-Venlo,X,Janssen,X Janssen
Netherlands,[](#sprite4-p12) Heracles Almelo,Rob,X,Rob X
Netherlands,[](#sprite1-p279) FC Groningen,Danny,van Dijk,Danny van Dijk
Netherlands,[](#sprite1-p445) PEC Zwolle,X,"van den Berg, Jansen",X van den Berg-Jansen
Netherlands,[](#sprite8-p210) FC Emmen,Bas,"de Groot, Payne, Veldmate",Bas de Groot-Payne-Veldmate
Netherlands,[](#sprite2-p316) Fortuna Sittard,Mark,Janssen,Mark Janssen
Netherlands,[](#sprite4-p140) RKC Waalwijk,Hans,Mulder,Hans Mulder
Belgium,[](#sprite1-p351) Standard Liège,Jonathan,Santos,Jonathan Santos
Belgium,[](#sprite1-p217) Club Brugge,Ivan,X,Ivan X
Belgium,[](#sprite2-p15) KV Mechelen,Anthony,"Claes, Martens, Pedersen",Anthony Claes-Martens-Pedersen
Belgium,[](#sprite4-p215) Royal Excel Mouscron,Kevin,"Mpenza, Vandendriessche",Kevin Mpenza-Vandendriessche
Belgium,[](#sprite2-p37) KAA Gent,Thomas,NDiaye,Thomas NDiaye
Belgium,[](#sprite1-p316) KRC Genk,"Marco, Kevin, Igor","Gudjonsson, Peeters",Marco-Kevin-Igor Gudjonsson-Peeters
Belgium,[](#sprite2-p363) KV Oostende,"Ibrahima, Frederic, Laurent","Coulibaly, Lukaku, Zoko",Ibrahima-Frederic-Laurent Coulibaly-Lukaku-Zoko
Belgium,[](#sprite2-p20) SV Zulte Waregem,"Jeremy, Frederic",X,Jeremy-Frederic X
Belgium,[](#sprite2-p45) Royal Antwerp,Kevin,X,Kevin X
Belgium,[](#sprite4-p280) R Charleroi SC,Sebastien,X,Sebastien X
Belgium,[](#sprite4-p165) KV Kortrijk,Michael,"Claeys, Mpenza, NDiaye",Michael Claeys-Mpenza-NDiaye
Belgium,[](#sprite4-p198) Sint-Truidense VV,Marc,Peeters,Marc Peeters
Belgium,[](#sprite1-p157) RSC Anderlecht,Jan,Martens,Jan Martens
Belgium,[](#sprite2-p216) Cercle Brugge,"Kevin, Olivier",X,Kevin-Olivier X
Belgium,[](#sprite8-p201) KAS Eupen,"Christian, Nicolas, Mamadou",Diallo,Christian-Nicolas-Mamadou Diallo
Belgium,[](#sprite4-p500) Waasland-Beveren,"Rachid, Ibrahima, Niels",Milosevic,Rachid-Ibrahima-Niels Milosevic
Turkey,[](#sprite8-p12) Alanyaspor,Emre,Yilmaz,Emre Yilmaz
Turkey,[](#sprite1-p88) Fenerbahçe SK,Mehmet,Simsek,Mehmet Simsek
Turkey,[](#sprite7-p248) Denizlispor,"Ismail, Murat, Mehmet","Akyuz, Kartal",Ismail-Murat-Mehmet Akyuz-Kartal
Turkey,[](#sprite5-p96) Çaykur Rizespor,Mehmet,Santos,Mehmet Santos
Turkey,[](#sprite1-p357) Trabzonspor,X,"Demir, Yilmaz",X Demir-Yilmaz
Turkey,MKE Ankaragücü,Mehmet,"Doğan, Erdogan",Mehmet Doğan-Erdogan
Turkey,[](#sprite2-p382) Sivasspor,Ibrahim,Öztürk,Ibrahim Öztürk
Turkey,[](#sprite1-p160) Beşiktaş JK,"Ali, Gokhan",Ozkan,Ali-Gokhan Ozkan
Turkey,[](#sprite1-p42) Galatasaray SK,Emre,Erdem,Emre Erdem
Turkey,[](#sprite5-p95) Antalyaspor,Mehmet,"Arslan, Öztürk",Mehmet Arslan-Öztürk
Turkey,[](#sprite4-p150) Gazişehir Gaziantep FK,X,Keles,X Keles
Turkey,[](#sprite8-p458) Yeni Malatyaspor,"Mustafa, Bulent, Mehmet",Öztürk,Mustafa-Bulent-Mehmet Öztürk
Turkey,[](#sprite2-p369) Konyaspor,"Murat, Mehmet",X,Murat-Mehmet X
Turkey,[](#sprite5-p98) İstanbul Başakşehir FK,"Orhan, Ibrahim, Gokhan","Korkmaz, Sahin, Yilmaz",Orhan-Ibrahim-Gokhan Korkmaz-Sahin-Yilmaz
Turkey,[](#sprite2-p443) Kayserispor,Ali,"Lopes, Sonmez",Ali Lopes-Sonmez
Turkey,[](#sprite5-p99) Kasımpaşa SK,"Murat, Hakan, Andre",Öztürk,Murat-Hakan-Andre Öztürk
Turkey,[](#sprite2-p194) Göztepe SK,Ali,Ozkan,Ali Ozkan
Turkey,[](#sprite4-p199) Gençlerbirliği SK,Mehmet,Öztürk,Mehmet Öztürk
Scotland,[](#sprite1-p18) Celtic,John,Miller,John Miller
Scotland,[](#sprite1-p40) Rangers,John,Ferguson,John Ferguson
Scotland,[](#sprite4-p422) Livingston,David,Miller,David Miller
Scotland,[](#sprite1-p128) Aberdeen,John,Smith,John Smith
Scotland,[](#sprite1-p248) Motherwell,John,Brown,John Brown
Scotland,[](#sprite1-p356) Kilmarnock,John,Smith,John Smith
Scotland,[](#sprite2-p437) Hamilton Academical,John,Ferguson,John Ferguson
Scotland,[](#sprite1-p472) Ross County,John,Smith,John Smith
Scotland,[](#sprite1-p164) Hibernian,John,Brown,John Brown
Scotland,[](#sprite1-p344) St Mirren,John,X,John X
Scotland,[](#sprite1-p123) Heart of Midlothian,John,Smith,John Smith
Scotland,[](#sprite1-p293) St Johnstone,John,"Robertson, Taylor",John Robertson-Taylor
Switzerland,[](#sprite1-p258) BSC Young Boys,"Alain, Marco, Martin","Burki, Sutter",Alain-Marco-Martin Burki-Sutter
Switzerland,[](#sprite1-p192) FC Basel,"Marco, Walter","Ajeti, Boumelaha, Rahmen",Marco-Walter Ajeti-Boumelaha-Rahmen
Switzerland,[](#sprite2-p474) FC Sion,"Nicolas, Patrick",X,Nicolas-Patrick X
Switzerland,[](#sprite2-p473) FC Thun,Marco,X,Marco X
Switzerland,[](#sprite2-p96) Servette,"Andre, Sebastien, Philippe",Müller,Andre-Sebastien-Philippe Müller
Switzerland,[](#sprite5-p127) FC Lugano,Christian,X,Christian X
Switzerland,[](#sprite2-p281) FC Luzern,Peter,"Müller, Schwegler",Peter Müller-Schwegler
Switzerland,[](#sprite2-p75) FC St Gallen,Marco,Sutter,Marco Sutter
Switzerland,[](#sprite8-p291) Neuchâtel Xamax FCS,X,X,X X
Switzerland,[](#sprite3-p5) FC Zürich,Mario,Rodríguez,Mario Rodríguez
Greece,[](#sprite1-p413) PAOK,Dimitris,X,Dimitris X
Greece,[](#sprite5-p104) Xanthi,"Nikos, Christos, Dimitris","García, Tomic",Nikos-Christos-Dimitris García-Tomic
Greece,[](#sprite1-p139) Olympiacos,Giorgos,Papadopoulos,Giorgos Papadopoulos
Greece,[](#sprite4-p163) OFI Crete,Nikos,X,Nikos X
Greece,[](#sprite1-p284) AEK Athens,Christos,Vlachos,Christos Vlachos
Greece,[](#sprite4-p72) Atromitos,"Christos, Dimitris",Papadopoulos,Christos-Dimitris Papadopoulos
Greece,[](#sprite2-p303) Aris Thessaloniki,Nikos,Papadopoulos,Nikos Papadopoulos
Greece,[](#sprite1-p183) Panathinaikos,Nikos,X,Nikos X
Greece,[](#sprite2-p432) Asteras Tripoli,Christos,Fernández,Christos Fernández
Greece,[](#sprite5-p108) Panetolikos,Giorgos,X,Giorgos X
Greece,[](#sprite4-p175) Panionios,Dimitris,X,Dimitris X
Greece,[](#sprite5-p340) Lamia,Dimitris,X,Dimitris X
Denmark,[](#sprite1-p484) FC Midtjylland,"Jesper, Rasmus",Poulsen,Jesper-Rasmus Poulsen
Denmark,[](#sprite1-p113) FC Copenhagen,Thomas,Nielsen,Thomas Nielsen
Denmark,[](#sprite2-p279) AaB,Thomas,"Andersen, Nielsen",Thomas Andersen-Nielsen
Denmark,[](#sprite1-p485) FC Nordsjælland,Andreas,"Nielsen, Jensen, Rasmussen",Andreas Nielsen-Jensen-Rasmussen
Denmark,[](#sprite1-p182) Brøndby IF,Martin,Jensen,Martin Jensen
Denmark,[](#sprite1-p244) Aarhus,Morten,Nielsen,Morten Nielsen
Denmark,[](#sprite1-p352) Odense Boldklub,Michael,Nielsen,Michael Nielsen
Denmark,[](#sprite4-p261) SønderjyskE,"Mads, Henrik, Martin",X,Mads-Henrik-Martin X
Denmark,[](#sprite2-p16) Lyngby Boldklub,Thomas,Nielsen,Thomas Nielsen
Denmark,[](#sprite2-p137) AC Horsens,Mads,Sørensen,Mads Sørensen
Denmark,[](#sprite1-p40) Randers,Mikkel,"Jensen, Hansen, Pedersen",Mikkel Jensen-Hansen-Pedersen
Denmark,[](#sprite4-p276) Hobro IK,"Mathias, Jesper, Mads","Pedersen, Gronning, Moller",Mathias-Jesper-Mads Pedersen-Gronning-Moller
Denmark,[](#sprite2-p119) Silkeborg IF,Peter,Hansen,Peter Hansen
Ukraine,[](#sprite1-p294) FC Shakhtar Donetsk,Serhiy,Shevchuk,Serhiy Shevchuk
Ukraine,FC Desna Chernihiv,Andriy,X,Andriy X
Ukraine,[](#sprite5-p93) FC Zorya Luhansk,Oleksandr,Zhuravlyov,Oleksandr Zhuravlyov
Ukraine,[](#sprite5-p275) FC Oleksandriya,Serhiy,"Bohatyr, Bondarenko, Ivashchenko",Serhiy Bohatyr-Bondarenko-Ivashchenko
Ukraine,[](#sprite1-p231) FC Dynamo Kyiv,Oleksandr,Moroz,Oleksandr Moroz
Ukraine,[](#sprite2-p176) SC Dnipro-1,Oleksandr,X,Oleksandr X
Ukraine,[](#sprite4-p133) FC Vorskla Poltava,Serhiy,X,Serhiy X
Ukraine,FC Kolos Kovalivka,Oleksandr,X,Oleksandr X
Ukraine,[](#sprite8-p439) FC Mariupol,Oleksandr,X,Oleksandr X
Ukraine,[](#sprite5-p279) FC Lviv,Serhiy,Mostovyi,Serhiy Mostovyi
Ukraine,FC Karpaty Lviv,Andriy,X,Andriy X
Ukraine,[](#sprite5-p274) FC Olimpik Donetsk,Serhiy,"Oliynyk, Pasich",Serhiy Oliynyk-Pasich
Argentina,[](#sprite1-p446) San Lorenzo,José,González,José González
Argentina,[](#sprite1-p95) Boca Juniors,Juan,González,Juan González
Argentina,[](#sprite7-p456) Talleres de Córdoba,Juan,"Bustos, Diaz, Silva",Juan Bustos-Diaz-Silva
Argentina,[](#sprite2-p444) Atlético Lanús,Diego,Diaz,Diego Diaz
Argentina,[](#sprite1-p441) Newell's Old Boys,Juan,Rodríguez,Juan Rodríguez
Argentina,[](#sprite2-p177) Arsenal de Sarandí,Juan,González,Juan González
Argentina,[](#sprite2-p467) Rosario Central,José,González,José González
Argentina,[](#sprite2-p275) Argentinos Juniors,Juan,Rodríguez,Juan Rodríguez
Argentina,[](#sprite1-p110) River Plate,Juan,"Fernández, Martínez",Juan Fernández-Martínez
Argentina,[](#sprite1-p403) Atlético Vélez Sarsfield,Juan,Dominguez,Juan Dominguez
Argentina,[](#sprite2-p154) Estudiantes de La Plata,Juan,"Fernández, González",Juan Fernández-González
Argentina,[](#sprite1-p425) Atlético Independiente,Carlos,"Martínez, Rodríguez",Carlos Martínez-Rodríguez
Argentina,[](#sprite1-p402) Racing Club de Avellaneda,Juan,González,Juan González
Argentina,[](#sprite7-p193) Atlético Tucumán,Cristian,García,Cristian García
Argentina,[](#sprite2-p86) Huracán,Juan,Diaz,Juan Diaz
Argentina,[](#sprite8-p27) Central Córdoba,"Pablo, Nicolas",Rodríguez,Pablo-Nicolas Rodríguez
Argentina,[](#sprite5-p114) Aldosivi,Juan,Martínez,Juan Martínez
Argentina,[](#sprite4-p87) Banfield,Nicolas,X,Nicolas X
Argentina,[](#sprite5-p115) Unión de Santa Fe,Matias,"García, Martínez",Matias García-Martínez
Argentina,[](#sprite2-p263) Colón,Lorena,González,Lorena González
Argentina,[](#sprite5-p119) Defensa y Justicia,Juan,Fernández,Juan Fernández
Argentina,[](#sprite5-p20) Godoy Cruz,Diego,Ramírez,Diego Ramírez
Argentina,[](#sprite4-p297) Gimnasia de La Plata,Juan,Fernández,Juan Fernández
Mexico,[](#sprite2-p65) Querétaro,"Diego, Luis",X,Diego-Luis X
Mexico,[](#sprite1-p214) Santos Laguna,José,Rodríguez,José Rodríguez
Mexico,[](#sprite1-p61) América,"Carlos, Luis",Sánchez,Carlos-Luis Sánchez
Mexico,[](#sprite2-p490) Necaxa,"José, Carlos",Hernández,José-Carlos Hernández
Mexico,[](#sprite1-p173) Tigres UANL,Carlos,Hernández,Carlos Hernández
Mexico,[](#sprite1-p272) Atlas,José,Torres,José Torres
Mexico,[](#sprite1-p372) León,José,"González, Martínez",José González-Martínez
Mexico,[](#sprite1-p161) Monterrey,Juan,X,Juan X
Mexico,Universidad Nacional,"José, Luis","López, Castro, Ramírez",José-Luis López-Castro-Ramírez
Mexico,[](#sprite5-p38) Atlético San Luis,Diego,Castro,Diego Castro
Mexico,[](#sprite1-p111) Cruz Azul,Carlos,Gutiérrez,Carlos Gutiérrez
Mexico,[](#sprite1-p150) Tijuana,Juan,García,Juan García
Mexico,[](#sprite1-p257) Monarcas Morelia,Carlos,González,Carlos González
Mexico,[](#sprite2-p56) Pachuca,Juan,"Hernández, Rodríguez",Juan Hernández-Rodríguez
Mexico,[](#sprite1-p47) Guadalajara,José,X,José X
Mexico,[](#sprite5-p155) FC Juárez,"Alejandro, Juan",Castro,Alejandro-Juan Castro
Mexico,[](#sprite2-p92) Puebla,Juan,Hernández,Juan Hernández
Mexico,[](#sprite4-p294) Deportivo Toluca,Carlos,García,Carlos García
Australia,[](#sprite2-p110) Veracruz,José,García,José García
Australia,[](#sprite1-p195) Adelaide United,Michael,Griffiths,Michael Griffiths
Australia,[](#sprite1-p129) Brisbane Roar,Matt,X,Matt X
Australia,[](#sprite1-p226) Central Coast Mariners,"Matthew, Tom",X,Matthew-Tom X
Australia,[](#sprite1-p264) Melbourne City,Michael,X,Michael X
Australia,[](#sprite1-p98) Melbourne Victory,Michael,Brown,Michael Brown
Australia,[](#sprite1-p250) Newcastle Jets,Daniel,"Brown, Griffiths",Daniel Brown-Griffiths
Australia,[](#sprite1-p222) Perth Glory,Jacob,Edwards,Jacob Edwards
Australia,[](#sprite1-p148) Sydney,Alex,"Griffiths, Triantis",Alex Griffiths-Triantis
Australia,[](#sprite1-p124) Wellington Phoenix,Luke,"Griffiths, Smith",Luke Griffiths-Smith
Australia,[](#sprite1-p115) Western Sydney Wanderers,Daniel,Baccus,Daniel Baccus
Australia,Western United,Connor,X,Connor X
United States,[](#sprite5-p48) Los Angeles FC,"Carlos, Diego",Pérez,Carlos-Diego Pérez
United States,[](#sprite1-p32) Philadelphia Union,"Chris, Brian",Jones,Chris-Brian Jones
United States,[](#sprite1-p499) New York City,X,Mendoza,X Mendoza
United States,[](#sprite5-p34) Atlanta United,"George, Andrew, Chris",Martínez,George-Andrew-Chris Martínez
United States,[](#sprite1-p14) Seattle Sounders,Michael,X,Michael X
United States,[](#sprite1-p89) Minnesota United,"Thomas, Sam, Kevin",Ibarra,Thomas-Sam-Kevin Ibarra
United States,[](#sprite1-p54) San Jose Earthquakes,Chris,X,Chris X
United States,[](#sprite1-p77) Real Salt Lake,Chris,"Johnson, Martínez",Chris Johnson-Martínez
United States,[](#sprite1-p69) FC Dallas,X,Rodríguez,X Rodríguez
United States,[](#sprite1-p28) LA Galaxy,"David, Brian",González,David-Brian González
United States,[](#sprite1-p41) DC United,Chris,Carroll,Chris Carroll
United States,[](#sprite1-p34) New York Red Bulls,"Chris, Mike","Alvarez, Hernández, Lewis",Chris-Mike Alvarez-Hernández-Lewis
United States,[](#sprite1-p20) Portland Timbers,X,Johnson,X Johnson
United States,[](#sprite1-p55) New England Revolution,José,"Brown, Smith",José Brown-Smith
United States,[](#sprite1-p53) Toronto,Nick,X,Nick X
United States,[](#sprite1-p96) Montreal Impact,Eric,"Choini`ere, González",Eric Choini`ere-González
United States,[](#sprite1-p31) Sporting Kansas City,"Matt, Chris, Kevin",X,Matt-Chris-Kevin X
United States,[](#sprite1-p94) Orlando City SC,X,"García, Sané",X García-Sané
United States,[](#sprite1-p50) Chicago Fire,David,Johnson,David Johnson
United States,[](#sprite1-p45) Houston Dynamo,"Eric, Chris",Brown,Eric-Chris Brown
United States,[](#sprite1-p48) Columbus Crew SC,"Chris, Brian, Matt",Williams,Chris-Brian-Matt Williams
United States,[](#sprite1-p93) Colorado Rapids,"Chris, Matt",Brown,Chris-Matt Brown
United States,[](#sprite1-p56) Vancouver Whitecaps,"Michael, David",Davies,Michael-David Davies
United States,[](#sprite5-p126) FC Cincinnati,X,Walker,X Walker
Brazil,[](#sprite1-p100) Flamengo,Rodrigo,da Silva,Rodrigo da Silva
Brazil,[](#sprite1-p187) Santos,Paulo,Santos,Paulo Santos
Brazil,[](#sprite1-p90) Corinthians,Fabio,Santos,Fabio Santos
Brazil,[](#sprite1-p101) São Paulo,José,da Silva,José da Silva
Brazil,[](#sprite1-p142) Palmeiras,José,da Silva,José da Silva
Brazil,[](#sprite1-p190) Internacional,Marcelo,da Silva,Marcelo da Silva
Brazil,[](#sprite1-p201) Atlético Mineiro,Paulo,Santos,Paulo Santos
Brazil,[](#sprite2-p480) Bahia,Rafael,da Silva,Rafael da Silva
Brazil,[](#sprite1-p443) Athletico Paranaense,Bruno,da Silva,Bruno da Silva
Brazil,[](#sprite1-p261) Botafogo,Paulo,Santos,Paulo Santos
Brazil,[](#sprite1-p130) Grêmio,Paulo,"da Silva, Santos",Paulo da Silva-Santos
Brazil,[](#sprite5-p7) Fortaleza,Marcio,"Santos, da Silva",Marcio Santos-da Silva
Brazil,[](#sprite2-p340) Goiás,Rafael,"da Silva, Silva",Rafael da Silva-Silva
Brazil,[](#sprite4-p346) Ceará,"Tiago, Rafael",da Silva,Tiago-Rafael da Silva
Brazil,[](#sprite1-p265) CR Vasco da Gama,Paulo,da Silva,Paulo da Silva
Brazil,[](#sprite1-p196) Cruzeiro,"Rafael, José",Santos,Rafael-José Santos
Brazil,[](#sprite4-p397)  Chapecoense,"João, Rafael",da Silva,João-Rafael da Silva
Brazil,[](#sprite1-p228) Fluminense,Carlos,Santos,Carlos Santos
Brazil,Centro Sportivo Alagoano,Leandro,da Silva,Leandro da Silva
Brazil,[](#sprite2-p373) Avaí,Paulo,Santos,Paulo Santos
Ireland,[](#sprite2-p143) Dundalk,John,Byrne,John Byrne
Ireland,[](#sprite1-p242) Shamrock Rovers,John,Byrne,John Byrne
Ireland,[](#sprite1-p386) Bohemian,John,Byrne,John Byrne
Ireland,[](#sprite1-p362) Derry City,"John, Paul",Kelly,John-Paul Kelly
Ireland,[](#sprite1-p384) St Patrick's Athletic,David,Byrne,David Byrne
Ireland,[](#sprite1-p358) Sligo Rovers,John,"Kelly, Morrison",John Kelly-Morrison
Ireland,[](#sprite1-p234) Cork City,"Dave, Alan",X,Dave-Alan X
Ireland,[](#sprite2-p116) Finn Harps,Mark,McLaughlin,Mark McLaughlin
Ireland,University College Dublin,Paul,Byrne,Paul Byrne
Sweden,[](#sprite1-p141) Djurgårdens IF,Stefan,Andersson,Stefan Andersson
Sweden,[](#sprite1-p108) AIK,Daniel,Andersson,Daniel Andersson
Sweden,[](#sprite1-p166) Malmö FF,Anders,"Andersson, Nilsson",Anders Andersson-Nilsson
Sweden,[](#sprite2-p104) BK Häcken,Alexander,"Andersson, Hysen",Alexander Andersson-Hysen
Sweden,[](#sprite1-p174) Hammarby,Andreas,Andersson,Andreas Andersson
Sweden,[](#sprite1-p180) IFK Göteborg,Erik,"Andersson, Svensson",Erik Andersson-Svensson
Sweden,[](#sprite2-p147) IFK Norrköping,Andreas,"Andersson, Johansson",Andreas Andersson-Johansson
Sweden,[](#sprite1-p374) Örebro SK,Daniel,X,Daniel X
Sweden,[](#sprite1-p365) IF Elfsborg,"Andreas, Jesper, Viktor",Nilsson,Andreas-Jesper-Viktor Nilsson
Sweden,[](#sprite1-p274) Helsingborgs IF,Andreas,Andersson,Andreas Andersson
Sweden,[](#sprite2-p48) Östersunds FK,Paul,Morgan,Paul Morgan
Sweden,[](#sprite2-p330) IK Sirius,Johan,X,Johan X
Sweden,[](#sprite2-p162) Kalmar FF,X,Johansson,X Johansson
Sweden,[](#sprite4-p425) Falkenbergs FF,X,Karlsson,X Karlsson
Sweden,[](#sprite7-p231) Eskilstuna,Daniel,Eriksson,Daniel Eriksson
Sweden,[](#sprite2-p149) GIF Sundsvall,"Johan, David",X,Johan-David X
Norway,[](#sprite1-p381) Molde FK,Fredrik,Hestad,Fredrik Hestad
Norway,[](#sprite4-p429) Odds BK,"Erik, Fredrik",X,Erik-Fredrik X
Norway,[](#sprite3-p15) Rosenborg BK,Trond,Hansen,Trond Hansen
Norway,[](#sprite3-p3) SK Brann,Jan,Pedersen,Jan Pedersen
Norway,[](#sprite7-p224) Kristiansund BK,"Simon, Andreas",Ulvestad,Simon-Andreas Ulvestad
Norway,[](#sprite1-p301) Vålerenga Fotball,X,Johansen,X Johansen
Norway,[](#sprite1-p273) Viking FK,Bjorn,Andersen,Bjorn Andersen
Norway,[](#sprite3-p82) FK Haugesund,"Eirik, Morten, Kevin",X,Eirik-Morten-Kevin X
Norway,[](#sprite2-p148) Lillestrøm SK,X,X,X X
Norway,[](#sprite1-p340) Tromsø IL,Thomas,"Johansen, Nilsen, Pedersen",Thomas Johansen-Nilsen-Pedersen
Norway,[](#sprite1-p474) Stabæk Fotball,"Christian, Morten",Olsen,Christian-Morten Olsen
Norway,[](#sprite5-p31) Mjøndalen IF,Stian,Hansen,Stian Hansen
Norway,[](#sprite3-p76) Ranheim Fotball,Michael,Hansen,Michael Hansen
Norway,Strømsgodset Toppfotball,Thomas,Olsen,Thomas Olsen
Norway,[](#sprite4-p210) Sarpsborg 08 FF,X,X,X X
Chile,[](#sprite1-p431) Universidad Católica,José,González,José González
Chile,[](#sprite1-p243) Colo-Colo,Juan,González,Juan González
Chile,[](#sprite5-p380) Audax Italiano,Carlos,X,Carlos X
Chile,Unión La Calera,"Francisco, Matias, Rodrigo",X,Francisco-Matias-Rodrigo X
Chile,Coquimbo Unido,Juan,X,Juan X
Chile,[](#sprite2-p425) O'Higgins,Juan,González,Juan González
Chile,[](#sprite5-p382) Deportivo Palestino,"Juan, Luis",González,Juan-Luis González
Chile,[](#sprite4-p77) Huachipato,"Juan, Carlos, José",Martínez,Juan-Carlos-José Martínez
Chile,[](#sprite8-p167) Curicó Unido,"Jorge, Sebastian","Diaz, Mu~noz",Jorge-Sebastian Diaz-Mu~noz
Chile,[](#sprite2-p463) Unión Española,Juan,González,Juan González
Chile,[](#sprite7-p204) Cobresal,Juan,Diaz,Juan Diaz
Chile,[](#sprite7-p255) Deportes Iquique,"Julio, Luis, Nicolas",X,Julio-Luis-Nicolas X
Chile,[](#sprite2-p49) Everton de Viña del Mar,José,González,José González
Chile,[](#sprite1-p188) Universidad de Chile,Juan,Rojas,Juan Rojas
Chile,[](#sprite8-p209) Antofagasta,Juan,Silva,Juan Silva
Chile,[](#sprite5-p383) Universidad de Concepción,Juan,González,Juan González
Japan,[](#sprite2-p55) FC Tokyo,"Tatsuya, Ryoichi, Takuya",Suzuki,Tatsuya-Ryoichi-Takuya Suzuki
Japan,[](#sprite2-p267) Kashima Antlers,X,"Santos, Suzuki",X Santos-Suzuki
Japan,[](#sprite2-p209) Yokohama F Marinos,"Takashi, Daisuke, Takuya",Suzuki,Takashi-Daisuke-Takuya Suzuki
Japan,[](#sprite4-p20) Kawasaki Frontale,Yusuke,Santos,Yusuke Santos
Japan,[](#sprite2-p208) Sanfrecce Hiroshima,Koji,Sato,Koji Sato
Japan,[](#sprite2-p91) Cerezo Osaka,Takashi,"Ito, Suzuki, Takeda",Takashi Ito-Suzuki-Takeda
Japan,[](#sprite2-p165) Hokkaido Consadole Sapporo,Ryuji,de Oliveira,Ryuji de Oliveira
Japan,[](#sprite8-p419) Oita Trinita,Kim,X,Kim X
Japan,[](#sprite2-p24) Nagoya Grampus,Yuki,Sato,Yuki Sato
Japan,[](#sprite7-p208) Shonan Bellmare,Takuya,Suzuki,Takuya Suzuki
Japan,[](#sprite2-p287) Urawa Red Diamonds,Takuya,X,Takuya X
Japan,[](#sprite4-p21) Vissel Kobe,X,"Takahashi, Tanaka",X Takahashi-Tanaka
Japan,[](#sprite2-p286) Shimizu S-Pulse,"Kenta, Yasuhiro","Ito, Matsubara, Santos",Kenta-Yasuhiro Ito-Matsubara-Santos
Japan,[](#sprite2-p12) Gamba Osaka,Hiroki,Yamaguchi,Hiroki Yamaguchi
Japan,[](#sprite2-p106) Vegalta Sendai,Satoshi,Suzuki,Satoshi Suzuki
Japan,[](#sprite4-p142) Sagan Tosu,Kim,"Kobayashi, Takahashi, Tanaka",Kim Kobayashi-Takahashi-Tanaka
Japan,[](#sprite4-p145) Matsumoto Yamaga,Yuki,Yoshida,Yuki Yoshida
Japan,[](#sprite4-p94) Júbilo Iwata,"Hiroki, Daisuke","Nakamura, Yamamoto",Hiroki-Daisuke Nakamura-Yamamoto
China,[](#sprite1-p387) Guangzhou Evergrande,Li,X,Li X
China,[](#sprite2-p144) Beijing Guoan,Zhang,X,Zhang X
China,[](#sprite7-p80) Shanghai SIPG,Zhang,X,Zhang X
China,Shandong Luneng Taishan,Wang,Wei,Wang Wei
China,[](#sprite2-p70) Jiangsu Suning,Zhang,Hao,Zhang Hao
China,[](#sprite4-p149) Wuhan Zall,Wang,Yi,Wang Yi
China,[](#sprite4-p270) Dalian Yifang,Wang,"Lin, Peng, Ting",Wang Lin-Peng-Ting
China,[](#sprite7-p198) Chongqing Lifan,"Liu, Wang, Zhang",X,Liu-Wang-Zhang X
China,[](#sprite4-p105) Tianjin Teda,Wang,Yang,Wang Yang
China,[](#sprite4-p27) Henan Jianye,Zhang,X,Zhang X
China,[](#sprite5-p87) Guangzhou R&F,"Li, Zhang",Jiaqi,Li-Zhang Jiaqi
China,[](#sprite2-p387) Shanghai Shenhua,Wang,Lin,Wang Lin
China,[](#sprite7-p196) Hebei China Fortune,Zhang,Yang,Zhang Yang
China,Tianjin Tianhai,Zhang,"Tao, Cheng",Zhang Tao-Cheng
China,[](#sprite4-p104) Shenzhen,Li,"Chao, Feng, Xin",Li Chao-Feng-Xin
China,Beijing Renhe,Zhang,"Chen, Peng",Zhang Chen-Peng
