team,avg_first_name,avg_middle_name,avg_last_name,avg_name
Liverpool FC,Joe,,Anderson,Joe Anderson
Manchester City FC,Joe,,Barnes,Joe Barnes
Leicester City FC,Jamie,,Alderson,Jamie Alderson
Crystal Palace FC,John,,Jones,John Jones
Arsenal FC,Norman,,Jones,Norman Jones
Everton FC,Tom,,Parkinson,Tom Parkinson
West Ham United FC,Jamie,,Allen,Jamie Allen
Manchester United FC,Tom,,Pearson,Tom Pearson
Tottenham Hotspur FC,Joe,,Jones,Joe Jones
Sheffield United FC,Jon,,Anderson,Jon Anderson
Chelsea FC,Jon,,Robertson,Jon Robertson
Burnley FC,Jon,,Paterson,Jon Paterson
Southampton FC,Abe,,Pearson,Abe Pearson
Newcastle United FC,John,,Harbertson,John Harbertson
AFC Bournemouth,Joe,,Preston,Joe Preston
Brighton %26 Hove Albion FC,Joe,,Harbertson,Joe Harbertson
Wolverhampton Wanderers FC,Joe,,Mason,Joe Mason
Aston Villa FC,Mark,,Aston,Mark Aston
Norwich City FC,Marc,,Brindley,Marc Brindley
Watford FC,Joe,,Aston,Joe Aston
Barnsley FC,Jon,,Pearson,Jon Pearson
Birmingham City FC,Jae,,Jones,Jae Jones
Blackburn Rovers FC,Joe,,Morley,Joe Morley
Brentford FC,Tom,,Jones,Tom Jones
Bristol City FC,John,,Paterson,John Paterson
Cardiff City FC,Barrie,,Jones,Barrie Jones
Charlton Athletic FC,Dean,,Pearson,Dean Pearson
Derby County FC,Bob,,Boertien,Bob Boertien
Fulham FC,Tom,,Pearson,Tom Pearson
Huddersfield Town AFC,Joe,,Paterson,Joe Paterson
Hull City AFC,Tom,,Pearson,Tom Pearson
Leeds United FC,Tom,,Horton,Tom Horton
Luton Town FC,Joe,,Pearson,Joe Pearson
Middlesbrough FC,Josh,,Merson,Josh Merson
Millwall FC,Joe,,Pearson,Joe Pearson
Nottingham Forest FC,Joe,,Jones,Joe Jones
Preston North End FC,Joe,,Emerson,Joe Emerson
Queens Park Rangers FC,Dean,,Milanese,Dean Milanese
Reading FC,Joe,,Marsden,Joe Marsden
Sheffield Wednesday FC,Brian,,Pearson,Brian Pearson
Stoke City FC,Karl,,Paterson,Karl Paterson
Swansea City AFC,Joe,,Jones,Joe Jones
West Bromwich Albion FC,Dean,,Pearson,Dean Pearson
Wigan Athletic FC,Joe,,Parkinson,Joe Parkinson
Ipswich Town FC,Joe,,Parkinson,Joe Parkinson
Lincoln City FC,Jamie,,Harbertson,Jamie Harbertson
Blackpool FC,Joe,,Paterson,Joe Paterson
Coventry City FC,Dean,,Pearson,Dean Pearson
Wycombe Wanderers FC,Josh,,Sanderson,Josh Sanderson
Sunderland AFC,John,,Marston,John Marston
